{"cameraMode":{"drawMode":0,"name":"Shaded","section":"Shading Mode"},"sceneLighting":true,"audioPlay":false,"sceneViewState":{"m_AlwaysRefresh":false,"showFog":true,"showSkybox":true,"showFlares":true,"showImageEffects":true,"showParticleSystems":true,"showVisualEffectGraphs":true,"m_FxEnabled":true},"in2DMode":false,"pivot":{"x":-0.18074098229408265,"y":3.3465957641601564,"z":-4.739049911499023},"rotation":{"x":0.10948566347360611,"y":-0.04322780668735504,"z":0.004767232574522495,"w":0.9930391907691956},"size":5.266921520233154,"orthographic":false}